{"cameraMode":{"drawMode":0,"name":"Shaded","section":"Shading Mode"},"sceneLighting":true,"audioPlay":false,"sceneViewState":{"showFog":true,"showMaterialUpdate":false,"showSkybox":false,"showFlares":true,"showImageEffects":false,"showParticleSystems":true},"in2DMode":false,"pivot":{"x":9.802556037902832,"y":15.161931991577149,"z":-2.97914981842041},"rotation":{"x":0.0018866709433495999,"y":-0.8749316334724426,"z":0.4842430353164673,"w":0.0034116804599761965},"size":23.07859992980957,"orthographic":false}