{"cameraMode":{"drawMode":0,"name":"Shaded","section":"Shading Mode"},"sceneLighting":false,"audioPlay":false,"sceneViewState":{"showFog":true,"showMaterialUpdate":false,"showSkybox":false,"showFlares":true,"showImageEffects":false,"showParticleSystems":true},"in2DMode":false,"pivot":{"x":27.501224517822267,"y":25.01991844177246,"z":-10.041936874389649},"rotation":{"x":0.007933367975056172,"y":-0.8772965669631958,"z":0.47972238063812258,"w":0.014451546594500542},"size":5.136209487915039,"orthographic":false}