{"cameraMode":{"drawMode":0,"name":"Shaded","section":"Shading Mode"},"sceneLighting":false,"audioPlay":false,"sceneViewState":{"showFog":true,"showMaterialUpdate":false,"showSkybox":false,"showFlares":true,"showImageEffects":false,"showParticleSystems":true},"in2DMode":false,"pivot":{"x":33.319908142089847,"y":1.1663365364074708,"z":-42.45117950439453},"rotation":{"x":-0.13613370060920716,"y":0.1811235398054123,"z":-0.025255853310227395,"w":-0.9736999869346619},"size":14.036981582641602,"orthographic":false}