{"cameraMode":{"drawMode":0,"name":"Shaded","section":"Shading Mode"},"sceneLighting":false,"audioPlay":false,"sceneViewState":{"showFog":true,"showMaterialUpdate":false,"showSkybox":false,"showFlares":true,"showImageEffects":false,"showParticleSystems":true},"in2DMode":false,"pivot":{"x":17.413637161254884,"y":15.4396333694458,"z":-13.600472450256348},"rotation":{"x":-0.22000989317893983,"y":0.6700393557548523,"z":-0.21855776011943818,"w":-0.6744765043258667},"size":14.2210054397583,"orthographic":false}