{"cameraMode":{"drawMode":0,"name":"Shaded","section":"Shading Mode"},"sceneLighting":false,"audioPlay":false,"sceneViewState":{"showFog":true,"showMaterialUpdate":false,"showSkybox":false,"showFlares":true,"showImageEffects":false,"showParticleSystems":true},"in2DMode":false,"pivot":{"x":30.6690616607666,"y":11.53085708618164,"z":-14.247355461120606},"rotation":{"x":0.03612617775797844,"y":-0.8957171440124512,"z":0.43699562549591067,"w":0.0740538239479065},"size":27.147335052490236,"orthographic":false}