{"cameraMode":{"drawMode":0,"name":"Shaded","section":"Shading Mode"},"sceneLighting":true,"audioPlay":false,"sceneViewState":{"showFog":true,"showMaterialUpdate":false,"showSkybox":false,"showFlares":true,"showImageEffects":false,"showParticleSystems":true},"in2DMode":false,"pivot":{"x":-3.697265625,"y":6.805305004119873,"z":-6.468573093414307},"rotation":{"x":0.005682252813130617,"y":-0.8667722344398499,"z":0.49858367443084719,"w":0.009881128557026387},"size":23.07859992980957,"orthographic":false}