{"cameraMode":{"drawMode":0,"name":"Shaded","section":"Shading Mode"},"sceneLighting":false,"audioPlay":false,"sceneViewState":{"showFog":true,"showMaterialUpdate":false,"showSkybox":false,"showFlares":true,"showImageEffects":false,"showParticleSystems":true},"in2DMode":false,"pivot":{"x":32.88572311401367,"y":3.5573172569274904,"z":-41.58770751953125},"rotation":{"x":-0.07253154367208481,"y":0.09203622490167618,"z":-0.006653525400906801,"w":-0.993122398853302},"size":14.287150382995606,"orthographic":false}